{
  "optimal_threshold": 0.8000000000000004,
  "window_size": 100,
  "stride": 25,
  "sequence_length": 8,
  "sampling_rate": 500,
  "imu_sampling_rate": 100,
  "normalization_method": "two-step",
  "scaler_file": "standard_scalers.pkl",
  "model_parameters": 29962,
  "performance_metrics": {
    "test_accuracy": 0.8316326530612245,
    "test_f1": 0.8224560381869997,
    "test_precision": 0.863738444095587,
    "test_recall": 0.8316326530612245,
    "rest_recall": 0.6144578313253012,
    "rest_precision": 0.9807692307692307,
    "fist_recall": 0.9911504424778761,
    "fist_precision": 0.7777777777777778
  },
  "confidence_metrics": {
    "validation_confidence_mean": 0.8209807276725769,
    "validation_confidence_median": 0.8321056962013245,
    "validation_low_confidence_pct": 7.34229576008273,
    "test_confidence_mean": 0.853459894657135,
    "test_confidence_median": 0.9446789026260376,
    "test_low_confidence_pct": 14.795918367346939,
    "confidence_warning": "GOOD"
  },
  "deployment_date": "2025-12-01 03:57:44.312674",
  "test_user": "B",
  "notes": "Model trained with per-user normalization, safety-first threshold selection",
  "threshold_warning": "High threshold (0.80) indicates low model confidence"
}